เลขที่ใบส่งสินค้า,รหัสสินค้า,จำนวน,ราคาต่อหน่วย,,,
003/0111,A01013,100,100.00,,,
003/0111,A01014,100,130.00,,,
003/1648,06015,36000,0.17,,,
007/59,02009,3000,1.95,,,
010/0458,01001,0,0.00,,,
010/0458,01100,0,0.00,,,
010/0458,01105,24,38.00,,,
010/0463,01024,5,70.00,,,
010/0463,01069,50,25.00,,,
010/0463,01107,60,65.00,,,
010/0463,01108,60,65.00,,,
010/0463,01118,100,6.00,,,
0100/065,B00090,200,51.00,,,
0100/065,B00091,200,51.00,,,
012/0585,01004,10,110.00,,,
012/0585,01043,12,65.00,,,
012/0585,01121,48,6.00,,,
012/0585,01178,6,121.00,,,
013/0612,A04010,1,950.00,,,
013/0718,06011,50,700.00,,,
014/026,A01014,500,129.00,,,
018/0872,01006,60,75.00,,,
018/0872,01011,60,100.00,,,
058/60,02009,5000,1.95,,,
066/3257,02046,200,65.00,,,
066/3257,02047,200,65.00,,,
072/60,02009,3000,1.95,,,
083/4132,A01002,9,280.00,,,
083/4132,A01057,12,20.00,,,
083/4132,A03012,6,85.00,,,
083/4132,A04006,1,550.00,,,
083/4132,A04025,12,120.00,,,
083/4132,A04030,12,70.00,,,
083/4132,A05024,6,180.00,,,
083/4132,A05042,6,120.00,,,
083/4132,A05055,10,20.00,,,
09/04,01146,0,0.00,,,
091/4502,A01055,400,3.50,,,
091/4502,A01059,250,5.00,,,
091/4502,A01063,60,40.00,,,
091/4502,A01064,60,50.00,,,
091/4502,A05028,12,380.00,,,
091/4502,A05040,12,40.00,,,
091/4504,A02019,1,25.00,,,
091/4504,A04006,1,550.00,,,
091/4504,A05002,1,85.00,,,
091/4504,A05017,1,72.00,,,
091/4504,A05018,1,60.00,,,
091/4504,A05019,1,48.00,,,
091/4504,A05027,1,80.00,,,
091/4504,A05028,1,380.00,,,
091/4504,A05042,1,120.00,,,
091/4504,A05071,1,65.00,,,
091/4504,A05082,1,780.00,,,
091/4507,A05067,1,90.00,,,
092/4560,01097,24,35.00,,,
092/4560,A02019,24,25.00,,,
092/4560,A04029,24,130.00,,,
095/4702,A05082,1,780.00,,,
095/4716,A01059,250,5.00,,,
095/4716,A02009,120,15.00,,,
095/4716,A02010,50,6.00,,,
095/4716,A03007,60,30.00,,,
095/4716,A03035,36,15.00,,,
095/4716,A04014,19,75.00,,,
095/4716,A05066,1000,4.50,,,
095/4716,A05074,120,8.00,,,
095/4716,A05077,6,12.00,,,
1/010,B00006,60,45.00,,,
1/010,B00113,12,78.00,,,
1/010,B00180,36,16.00,,,
1/012,05005,48,16.00,,,
1/012,05006,48,21.00,,,
1/012,05008,72,23.00,,,
1/01716396,01084,50,3.00,,,
1/01716396,01087,6,11.00,,,
1/01716396,01089,6,11.00,,,
1/01716396,01090,12,11.00,,,
1/01716396,02003,6,399.00,,,
1/01716396,02088,12,11.00,,,
1/01716396,02118,12,46.00,,,
1/01716396,05041,12,199.00,,,
1/022,02069,9,13.00,,,
1/06141638,02007,40,12.00,,,
1/06141638,02008,40,16.00,,,
1/09,B00006,60,45.00,,,
1/09,B00114,50,35.00,,,
1/1,01036,12,21.00,,,
1/1,01071,36,49.00,,,
1/10,02066,6,15.00,,,
1/11,05008,72,24.00,,,
1/11,05009,72,24.00,,,
1/11228597,03009,48,71.67,,,
1/12,02023,10,21.00,,,
1/1229735,05041,12,45.00,,,
1/12800898,01065,6,0.00,,,
1/13,B00111,12,78.00,,,
1/13,B00113,12,55.00,,,
1/13,B00179,24,79.00,,,
1/13615,02071,12,89.00,,,
1/13615,02133,12,22.50,,,
1/18,02121,12,35.00,,,
1/19,02094,48,15.00,,,
1/2,02094,36,17.50,,,
1/2,02095,58,12.00,,,
1/2,02121,24,35.00,,,
1/20,02066,1,35.00,,,
1/20/1,05010,24,30.00,,,
1/20/2,02102,6,10.00,,,
1/21226973,02042,6,59.00,,,
1/21226973,02126,72,9.67,,,
1/21229736,01102,22,65.00,,,
1/22,02095,200,12.00,,,
1/24,02010,36,8.34,,,
1/26,02094,36,20.00,,,
1/26,02121,24,35.00,,,
1/27,02039,50,85.00,,,
1/28,02039,110,83.00,,,
1/3,02095,72,12.00,,,
1/31,05010,24,40.00,,,
1/31,B00132,60,135.00,,,
1/31,B00135,64,130.00,,,
1/33,01180,2,160.00,,,
1/33,01181,2,550.00,,,
1/39,01083,24,4.00,,,
1/39,01101,12,200.00,,,
1/39/1,01054,2000,5.00,,,
1/40,02045,10,30.00,,,
1/40,02058,10,30.00,,,
1/40,02094,36,25.00,,,
1/40/1,06028,5,0.00,,,
1/5,02050,30,45.00,,,
1/5,02051,30,45.00,,,
1/5,02052,30,50.00,,,
1/5,02054,50,39.00,,,
1/5,02055,60,32.50,,,
1/56,B00115,200,50.00,,,
1/57,B00116,90,90.00,,,
1/58,B00135,40,130.00,,,
1/59,B00132,44,135.00,,,
1/6,02055,60,90.00,,,
1/60,B00006,48,45.00,,,
1/60112478,02123,20,62.00,,,
1/6013,02082,24,38.67,,,
1/6013,02118,24,33.30,,,
1/6013,02126,72,11.30,,,
1/6015,03011,50,12.50,,,
1/6015,03014,10,55.80,,,
1/6016,01023,24,48.00,,,
1/6016,01032,90,20.67,,,
1/6016,01068,36,21.25,,,
1/6016,01069,36,10.33,,,
1/6016,01184,35,69.00,,,
1/6016,05006,48,5.42,,,
1/61110647,01037,6,50.04,,,
1/61110647,01038,6,42.00,,,
1/61110647,01055,100,1.40,,,
1/61110647,01091,36,9.16,,,
1/61110647,01093,36,9.16,,,
1/61110647,02007,20,11.75,,,
1/61110647,02120,12,69.00,,,
1/61110647,02126,72,8.92,,,
1/61110647,05007,120,4.50,,,
1/61811464,01029,12,48.00,,,
1/61811464,01068,24,20.00,,,
1/61811464,01069,24,10.84,,,
1/61811464,01183,36,6.60,,,
1/61811464,03001,24,43.00,,,
1/61811464,05010,36,20.17,,,
1/61814642,02045,0,0.00,,,
1/61814648,02009,24,19.50,,,
1/61814648,02043,4,30.50,,,
1/61814648,02061,8,176.00,,,
1/61814648,02082,24,47.30,,,
1/61814648,02083,24,24.51,,,
1/61814648,02123,24,61.00,,,
1/61814648,02126,48,6.58,,,
1/61814648,02184,1,69.00,,,
1/67,B00116,200,55.00,,,
1/68,02055,90,90.00,,,
1/69,02103,12,35.00,,,
1/69,05007,180,7.00,,,
1/69,B00100,10,115.00,,,
1/69,B00113,24,78.00,,,
1/7,02004,12,10.00,,,
1/7/1,02001,120,3.75,,,
1/70,B00140,200,8.00,,,
1/70,B00180,60,16.00,,,
1/70,B00183,24,105.00,,,
1/70,B00189,12,85.00,,,
1/71,B00147,60,225.00,,,
1/72,B00147,20,225.00,,,
1/74,05008,72,23.00,,,
1/75,B00004,500,4.80,,,
1/75,B00149,60,15.00,,,
1/75,B00150,36,20.00,,,
1/75,B00164,24,40.00,,,
1/8,02064,10,120.00,,,
1/8,B00127,11,95.00,,,
1/8,B00137,36,85.00,,,
1/9,01002,36,25.00,,,
10/13,02132,3,24.00,,,
10/28,02132,2,14.00,,,
10/28,02185,2,18.00,,,
10/28,02186,2,22.00,,,
10/452,01146,2,700.00,,,
10/454,06012,6000,0.50,,,
10/459,02007,40,18.00,,,
10/459/1,01004,39,110.00,,,
10/463,01006,60,80.00,,,
10/487,01105,24,30.00,,,
10/95,02118,24,54.38,,,
10023/201,02025,12,940.00,,,
10023/201,02076,6,150.00,,,
10023/201,02092,100,38.00,,,
10073/202,02002,48,68.75,,,
10073/202,02073,20,150.00,,,
101/090,B00091,390,68.00,,,
103/5150,01034,3,25.00,,,
10425/209,02025,10,940.00,,,
10425/209,02092,100,38.00,,,
105/5201,01001,80,70.00,,,
105/5201,01035,12,55.00,,,
105/5201,01048,12,15.00,,,
105/5201,01049,12,30.00,,,
105/5201,01051,40,40.00,,,
105/5201,01059,6,30.00,,,
105/5201,05006,48,7.75,,,
105/5215,01030,12,55.00,,,
105/5215,01108,24,65.00,,,
105/5215,01110,36,50.00,,,
105/5215,01111,6,40.00,,,
105/5220,06005,5000,0.23,,,
105/5235,01101,24,180.00,,,
105/5236,05008,12,45.00,,,
105539,05046,8,"1,450.00",,,
106689,05044,4,"1,450.00",,,
106689,05046,2,"1,450.00",,,
10686/214,02002,48,68.75,,,
10686/214,02050,60,45.00,,,
10686/214,02051,60,45.00,,,
10686/214,02052,60,50.00,,,
10686/214,02054,30,65.00,,,
10686/214,02073,24,150.00,,,
10686/214,02092,100,38.00,,,
107/5307,03001,6,45.00,,,
107/5307,05005,24,9.75,,,
107/5307,05007,60,5.25,,,
107/5323,01006,60,75.00,,,
107/5323,01011,60,140.00,,,
107/5323,01091,18,12.00,,,
107/5323,01093,18,12.00,,,
107/5323,01142,6,45.00,,,
107/5323,01145,7,93.00,,,
107/5346,01118,100,6.00,,,
107/5346,02055,50,25.00,,,
108/21,B00005,540,105.00,,,
108/22,B00007,720,72.92,,,
108/23,B00002,18,"1,300.00",,,
108/24,B00184,36,450.00,,,
10868/218,02025,6,940.00,,,
11/10,02186,2,22.00,,,
11/3,02077,12,120.00,,,
11/502,05009,12,42.00,,,
11/52,02131,10,4.00,,,
11/521,06002,10000,0.50,,,
11/529,01176,3,170.00,,,
110/002,B00007,1,78.62,,,
110/01,B00005,540,112.35,,,
110/02,B00007,719,78.02,,,
110/03,B00002,18,"1,391.00",,,
110/04,B00184,36,481.50,,,
111109/223,02002,48,68.75,,,
111109/223,02025,12,940.00,,,
111109/223,02050,30,45.00,,,
111109/223,02051,30,45.00,,,
111109/223,02052,30,50.00,,,
111109/223,02054,50,39.00,,,
111109/223,02055,60,32.50,,,
111109/223,02092,100,38.00,,,
112/5573,02025,10,"1,150.00",,,
112/5578,02051,120,55.00,,,
112/5578,02052,120,50.00,,,
112/5578,02073,36,130.00,,,
112/5584,02077,36,120.00,,,
112/5588,02091,50,35.00,,,
112/5590,02025,10,"1,150.00",,,
112/5590,02055,342,29.75,,,
112/5592,02050,120,50.00,,,
112/5592,02092,125,44.00,,,
11261/226,02050,50,45.00,,,
11261/226,02051,30,45.00,,,
11261/226,02054,150,5.00,,,
11261/226,02055,60,32.50,,,
11261/226,02073,24,150.00,,,
11261/226,02091,25,30.00,,,
11261/226,02092,100,38.00,,,
113/5611,02025,10,"1,150.00",,,
113/5613,02050,30,50.00,,,
113/5613,02051,30,50.00,,,
113/5613,02052,30,55.00,,,
113/5613,02077,24,120.00,,,
113/5616,02092,125,44.00,,,
113/5626,02025,10,"1,150.00",,,
113/5626,02077,36,120.00,,,
113/5633,02044,60,28.34,,,
113/5633,02051,120,50.00,,,
113/5633,02052,120,55.00,,,
113/5633,02054,500,13.60,,,
113/5635,02050,120,50.00,,,
113/5638,02025,10,"1,150.00",,,
113/5648,02077,36,120.00,,,
113/6514,02048,90,55.00,,,
113/6514,02050,90,50.00,,,
113/6514,02051,90,50.00,,,
113/6514,02052,90,55.00,,,
11304/227,02077,24,130.00,,,
114/5654,02050,120,50.00,,,
114/5654,02051,120,50.00,,,
114/5654,02052,120,55.00,,,
114/5656,02091,50,35.00,,,
114/5673,02050,120,50.00,,,
114/5684,02051,120,50.00,,,
114/5700,02050,120,50.00,,,
114/5700,02052,120,55.00,,,
115/5712,02050,120,50.00,,,
115/5712,02051,120,50.00,,,
115/5734,02048,120,50.00,,,
115/5734,02050,120,45.00,,,
11518/231,02025,10,940.00,,,
11518/231,02051,50,45.00,,,
11518/231,02092,100,38.00,,,
11744/235,02002,48,68.75,,,
11865,02091,7,50.72,,,
11950/239,02073,24,150.00,,,
12/48,07005,3,30.00,,,
12/587,01102,50,95.00,,,
12/587,01184,0,0.00,,,
12/588,02085,36,28.00,,,
12/600,01036,15,30.00,,,
12/600,01067,36,50.00,,,
12/600,01121,48,5.00,,,
12/600,05007,60,5.17,,,
120/11,02029,3,218.00,,,
120/11,02065,12,20.17,,,
120/11,02096,23,164.00,,,
120/11,02128,6,76.51,,,
12162/244,02002,48,68.75,,,
12162/244,02054,25,65.00,,,
12162/244,02077,24,130.00,,,
12162/244,02092,100,38.00,,,
12190/244,02025,10,940.00,,,
122,01064,1500,4.00,,,
12345,02095,112,2.00,,,
12381/248,02025,10,940.00,,,
12596/252,02002,32,68.75,,,
12596/252,02025,12,940.00,,,
12596/252,02052,30,50.00,,,
12596/252,02076,2,150.00,,,
12596/252,02077,24,130.00,,,
12596/252,02091,25,30.00,,,
12596/252,02099,3,140.00,,,
13/0545,02025,2,"1,150.00",,,
13/0748,06013,30000,0.20,,,
13/0789,06015,30000,0.20,,,
1-3/619166,01032,63,20.67,,,
1-3/619166,01040,3,399.00,,,
1-3/619166,02009,36,9.59,,,
13/620,03009,19,115.00,,,
13/621,02007,40,10.50,,,
13/621,02008,40,18.00,,,
13/621,02045,10,27.50,,,
13/621,02049,10,27.50,,,
13/623,01184,14,120.00,,,
13/625,01004,6,100.00,,,
13/625,05007,120,5.00,,,
13/630,01102,50,120.00,,,
13/632,02001,288,3.50,,,
13/634,01055,1000,2.00,,,
13/639,02081,12,5.00,,,
13/639,05008,24,43.75,,,
13/639,05009,24,43.75,,,
13/641,01101,9,180.00,,,
13/642,01101,15,180.00,,,
13/649,01011,60,140.00,,,
13/649,01091,12,12.00,,,
13/649,01093,12,12.00,,,
13/766,02050,120,55.00,,,
13/855,06028,15,560.00,,,
13023,01050,3,35.00,,,
13023,01175,2,85.00,,,
133/20,01040,3,529.00,,,
14/654,01027,10,25.00,,,
14/654,01029,1,150.00,,,
14/655,01058,3,55.00,,,
14/658,01184,50,120.00,,,
14/659,02057,10,30.00,,,
14/659,02126,36,12.50,,,
14/660,03009,17,120.00,,,
14/662,01006,60,75.00,,,
14/665,01006,60,75.00,,,
14/665,01146,25,93.00,,,
14/669,01030,8,60.00,,,
14/673,02075,12,90.00,,,
14/676,01006,60,75.00,,,
14/676,01030,12,65.00,,,
14/676,01050,12,25.00,,,
14/676,01068,60,35.00,,,
14/676,01073,6,9.00,,,
14/676,01105,24,35.00,,,
14/676,01108,36,65.00,,,
14/676,03004,36,15.00,,,
14/676/1,01071,24,58.00,,,
14/676/1,01091,12,10.00,,,
14/676/1,01115,3,30.00,,,
14/676/1,01116,9,5.00,,,
14/676/1,02049,10,32.50,,,
14/677,03009,36,95.00,,,
14/678,01144,5,93.00,,,
14/689,01033,72,6.00,,,
14/689,02126,36,5.00,,,
14/689,03005,12,15.00,,,
14/689,03007,47,35.00,,,
14/689,05010,10,30.00,,,
14/695,01014,4,"2,000.00",,,
14/695/1,05009,24,41.67,,,
14/696,01065,1,600.00,,,
14/696/1,01004,18,100.00,,,
14/696/1,01114,6,220.00,,,
14/699,02071,24,33.34,,,
14/699,02118,12,55.00,,,
14/699,05006,24,7.50,,,
14/699,05007,60,5.17,,,
14/79,02069,6,15.00,,,
15/002,02001,600,4.00,,,
15/701,02063,24,16.67,,,
15/701,02121,12,40.00,,,
15/716,01003,36,30.00,,,
15/716,01033,60,5.00,,,
15/716,01100,300,6.50,,,
15/717,02094,36,20.00,,,
16/752,05043,1,600.00,,,
16/766,02001,576,3.50,,,
16/768,05044,5,"1,500.00",,,
16/783,05010,48,30.00,,,
16/784,01149,3,"2,200.00",,,
16/790,01080,10,20.00,,,
16/790,02063,36,16.00,,,
16/790,02122,24,7.00,,,
16/790,02124,36,11.95,,,
162/2547,02025,2,940.00,,,
1656,02077,16,130.00,,,
168/82/406,06012,15000,0.54,,,
17/1326,06028,15,560.00,,,
17/1399,06028,15,560.00,,,
17/30512,01145,10,588.50,,,
17/48,02077,12,130.00,,,
17/808,01004,12,110.00,,,
17/808,01029,4,120.00,,,
17/808,01051,20,40.00,,,
17/808,01137,24,40.00,,,
17/810,02045,10,28.00,,,
17/811,01149,4,380.00,,,
17/848,01004,6,110.00,,,
17/848,01067,25,80.00,,,
17/849,01087,12,23.00,,,
17/849,01090,12,23.00,,,
17/849,02057,10,27.50,,,
17/849,02117,5,38.00,,,
18/38517,01179,2,"2,500.00",,,
18/889,02001,336,3.50,,,
18/891,02057,20,23.00,,,
18/891,02058,20,23.00,,,
18/891,02131,10,4.20,,,
18/9,07004,12,40.00,,,
18/9,07006,2,45.00,,,
19/0924,01004,18,110.00,,,
19/0924,01060,6,27.00,,,
19/0924,01068,60,30.00,,,
19/0924,01073,6,9.00,,,
19/0924,02126,60,2.00,,,
19/0924,05007,120,5.00,,,
19/12,02001,600,3.88,,,
19/12,02112,72,13.00,,,
19/908,01184,48,35.00,,,
19/913,02054,30,12.00,,,
19/913,02081,12,5.00,,,
1911/2,01032,72,20.67,,,
194/9613,02002,48,68.75,,,
194/9613,02073,36,150.00,,,
194/9613,02092,100,38.00,,,
2/100,03011,60,22.00,,,
2/11,B00115,200,50.00,,,
2/347,07007,3,50.00,,,
2/347,07008,2,240.00,,,
2/4,02001,600,3.58,,,
2/4,02081,12,9.17,,,
2/4,02094,36,37.50,,,
2/4,02123,24,66.50,,,
2/4,05014,20,2.50,,,
2/5,02007,40,10.50,,,
2/5,02050,60,50.00,,,
2/5,02054,220,11.25,,,
2/5,02055,60,25.00,,,
2/5,02081,24,4.17,,,
2/51,01001,80,37.50,,,
2/51,01006,60,75.00,,,
2/52,01003,12,35.00,,,
2/52,01050,12,40.00,,,
2/52,02081,12,15.00,,,
2/61,06015,50000,0.17,,,
2/69,01030,36,11.67,,,
2/69,03009,36,120.00,,,
2/69,03011,72,22.00,,,
2/69/45,05011,3,280.00,,,
2/7,02023,5,15.00,,,
2/7,02054,120,11.24,,,
2/7,02102,24,7.92,,,
2/7,05005,48,6.96,,,
2/7,05007,120,4.42,,,
2/7,05014,10,2.40,,,
2/70,05008,12,45.00,,,
2/70,05010,24,30.00,,,
2/72,02007,40,12.50,,,
2/72,02049,10,30.00,,,
2/72,02057,10,30.00,,,
2/72,02058,10,30.00,,,
2/72,02060,10,30.00,,,
2/77,01043,12,65.00,,,
2/77,01118,100,6.00,,,
2/77,01121,48,6.00,,,
2/88,06028,30,560.00,,,
20/2/46,02092,100,3.00,,,
21/1027,01027,12,25.00,,,
213/33046,01144,1,"4,560.00",,,
213/38363,01179,2,"2,500.00",,,
213/470304,01145,5,480.00,,,
213/470706,01145,2,"1,070.00",,,
213/470715,01179,2,"1,926.00",,,
23/1120,01038,6,72.00,,,
23/1120,01051,50,40.00,,,
23/1120,01090,12,23.00,,,
23/1120,01110,18,50.00,,,
23/1120,01118,100,6.00,,,
23/1120,01148,12,120.00,,,
23/1121,02049,10,25.00,,,
23/1121,02057,10,25.00,,,
23/1121,02131,10,5.00,,,
24/1159,02117,10,30.00,,,
24/1159,02133,10,4.50,,,
24/1159,06012,5000,0.80,,,
24/1180,01001,40,70.00,,,
24/1180,01030,24,65.00,,,
24/1180,01091,12,12.00,,,
24/7,02001,600,3.34,,,
25/12,02123,6,207.00,,,
25/1201,01006,60,75.00,,,
25/1201,01121,48,6.00,,,
25/1201,01122,48,8.00,,,
25/1201,01132,50,6.00,,,
25/1201,01133,20,35.00,,,
25/1244,01006,60,70.00,,,
25/1244,01011,60,130.00,,,
25/1244,01074,6,9.00,,,
26/1276,01106,36,50.00,,,
26/1276,01108,30,65.00,,,
26/1276,01122,48,8.00,,,
26/1276,01137,36,25.00,,,
26/1281,01091,12,12.00,,,
26/1281,01101,30,140.00,,,
26/1281,01134,30,25.00,,,
26/1281,05007,120,5.25,,,
26/1282,02045,10,30.00,,,
26771/1012,05044,6,"1,450.00",,,
27/1310,01011,60,110.00,,,
27/1312,01121,48,6.00,,,
27/1330,01101,12,180.00,,,
27/1331,01006,60,75.00,,,
27/1331,01057,60,2.25,,,
27/1331,01064,50,5.00,,,
27/1331,01087,12,23.00,,,
27/1350,01071,36,63.00,,,
28/1371/1,01006,6,75.00,,,
28/1371/1,01071,7,65.00,,,
28/1371/1,01093,18,12.00,,,
28/1371/1,01148,3,93.00,,,
28/1377/1,01004,12,110.00,,,
28/1377/1,01033,48,7.00,,,
28/1377/1,01133,30,35.00,,,
28/1378,01051,30,35.00,,,
28/1378,01058,6,65.00,,,
28/1378,01106,24,50.00,,,
28/1378,01108,24,65.00,,,
28/1378,05009,12,45.00,,,
28/1378,05010,18,130.00,,,
28/1378/1,02117,6,28.00,,,
28/1378/1,02121,24,37.50,,,
28/1378/1,02126,24,18.00,,,
3//1941,01100,200,8.50,,,
3//1941,01135,36,25.00,,,
3/1/47,07005,5,28.00,,,
3/10,02001,360,3.75,,,
3/10,02049,6,24.00,,,
3/10,02054,10,24.00,,,
3/10,02059,10,24.00,,,
3/10,02093,36,65.00,,,
3/101,02090,12,60.00,,,
3/101,02126,36,11.67,,,
3/116,02093,36,45.00,,,
3/116,02094,36,25.00,,,
3/117,02117,10,35.00,,,
3/117,05007,120,5.50,,,
3/118,01006,60,75.00,,,
3/118,01030,24,38.50,,,
3/118,01107,2,121.00,,,
3/118,01137,12,25.00,,,
3/121,02039,1000,85.00,,,
3/121/1,01145,9,93.00,,,
3/123,01073,6,10.00,,,
3/123,01100,300,7.50,,,
3/23,02054,20,11.00,,,
3/23,02055,30,25.00,,,
3/6641,01147,2,"2,430.08",,,
3/7,02001,120,3.75,,,
3/8,02050,30,50.00,,,
3/9,02093,60,70.00,,,
30/1465,01005,20,120.00,,,
30/1465,01006,60,75.00,,,
30/1465,01011,60,100.00,,,
30/1482,01078,50,33.00,,,
30/1492,01118,100,6.00,,,
30/45,02001,624,4.00,,,
31/1504,01013,60,120.00,,,
31/1504,02120,6,75.00,,,
31/1510,01003,36,50.00,,,
31/1510,01086,6,20.00,,,
31/1510,02120,6,75.00,,,
31/1531,01006,60,75.00,,,
31/1531,01011,60,140.00,,,
31/1531,01033,12,7.00,,,
31/1531,01059,6,30.00,,,
31/1531,01068,36,35.00,,,
31/1531,01121,48,6.00,,,
31/1531,01148,19,93.00,,,
31/1531,05007,60,6.50,,,
31092/17,01144,4,"2,247.00",,,
319/87/430,01052,10000,1.00,,,
32/1590,01033,1,140.00,,,
32/1590,01045,3,250.00,,,
32/1590,01055,50,3.00,,,
32/533,01145,5,420.00,,,
33/1620,01006,120,75.00,,,
33/1620,06004,12000,0.20,,,
34/1685,01030,20,8.00,,,
34/1685,01059,6,30.00,,,
34/1685,01060,6,30.00,,,
34/1685,01073,6,9.00,,,
34/1685,01080,10,20.00,,,
34/1685,01091,24,12.00,,,
34/1685,01093,24,12.00,,,
34/1685,01112,50,7.00,,,
34/1686,01189,2500,4.50,,,
34/1693,01057,36,1.00,,,
34/1693,01118,100,6.00,,,
34788/19,01145,5,640.00,,,
34788/19,01179,2,"3,103.00",,,
35/100,02049,10,25.00,,,
35/100,02060,10,25.00,,,
35/1702,01004,20,110.00,,,
35/1702,01006,60,75.00,,,
35/1702,01027,12,25.00,,,
35/1702,01038,6,72.00,,,
35/1702,01039,6,34.00,,,
35/1702,01108,36,65.00,,,
35/1702,01110,24,50.00,,,
35/1702,01118,70,6.00,,,
35/1702,01137,36,25.00,,,
35/1702,01187,500,1.80,,,
35/1711,01106,24,45.00,,,
35/1711,01110,24,45.00,,,
35/1745,01004,12,110.00,,,
35/1745,01011,60,140.00,,,
35/1745,01132,50,5.00,,,
35/1749,01027,12,25.00,,,
35/3มอ2,06015,30000,0.20,,,
35797/4609,01145,5,588.00,,,
36/1782,01091,12,12.00,,,
36/1782,01092,12,12.00,,,
36/1782,01142,6,45.00,,,
36/1782,01149,3,950.00,,,
36/1784,01067,6,80.00,,,
36/1784,02081,12,6.00,,,
36/1784,02085,48,22.50,,,
363/3,06028,15,560.00,,,
37/1835,01108,12,65.00,,,
37/1835,01176,4,160.00,,,
37/1843,02126,36,18.00,,,
37/1845,01006,120,75.00,,,
38/1851,01038,36,5.00,,,
38/1851,01039,36,4.00,,,
38/1851,01093,12,12.00,,,
38/1851,01145,2,240.00,,,
38/1852,02057,10,35.00,,,
38/1852,02081,18,5.00,,,
38/1891,01011,60,140.00,,,
39222,01145,2,"1,070.00",,,
39222,01180,2,"1,926.00",,,
4/200,02055,100,40.00,,,
4/200,02077,36,130.00,,,
4/200,02092,100,40.00,,,
4/4,02001,360,3.75,,,
4/4,02055,25,70.00,,,
4/4,02063,36,13.34,,,
4/4,02126,36,2.67,,,
4/5,02050,60,50.00,,,
4/5/1,02001,120,4.00,,,
40/1966,01007,8,160.00,,,
40/1995,01051,3,350.00,,,
40/1995,01055,100,2.50,,,
40/1995,01079,12,9.00,,,
40/1995,01080,12,20.00,,,
40/1995,01117,4,12.00,,,
40/1995,02045,5,56.00,,,
40/1995,02057,5,56.00,,,
40/1997,01190,50,20.00,,,
41/2048,01033,200,4.00,,,
41/2049,01001,40,70.00,,,
41/2049,01027,24,25.00,,,
42/2074,01109,12,65.00,,,
42/2074,01121,48,6.00,,,
42/2074,02049,10,30.00,,,
42/2074,05005,48,9.75,,,
43/2105,05047,1,300.00,,,
43/2105,05048,4,270.00,,,
43/2110,01040,3,550.00,,,
43/2121,01030,12,60.00,,,
44/2158,02023,6,22.00,,,
44/433,06013,30000,0.20,,,
45/2237,01049,12,18.00,,,
45/2237,01067,15,40.00,,,
45/2237,01084,50,6.00,,,
45/2238,01192,50,10.00,,,
45/2239,01071,24,60.00,,,
45/2239,01132,24,6.00,,,
4601298/19,01145,5,588.50,,,
47/2303,01043,12,65.00,,,
47/2303,01101,12,140.00,,,
47/2303,01118,100,6.00,,,
47/2303,01133,12,25.00,,,
47/2303,01134,24,25.00,,,
47/2303,01137,24,27.00,,,
47/2303,05009,12,45.00,,,
47/2304,06004,10000,0.60,,,
47/2314,01023,9,65.00,,,
47/2314,01058,12,65.00,,,
47/2314,01067,15,40.00,,,
47/2314,01082,50,5.00,,,
47/2314,01133,15,45.00,,,
47/2314,01134,36,25.00,,,
48/2389,01033,24,6.00,,,
48/2389,01039,36,4.00,,,
48/2389,01068,24,35.00,,,
48/2389,01069,12,25.00,,,
48/2389,01109,12,65.00,,,
48/2389,01110,12,50.00,,,
48/2389,01142,2,45.00,,,
48/2389,01187,10,100.00,,,
49/2401,01011,60,130.00,,,
49/2401,01057,24,2.25,,,
49/2401,01073,3,9.00,,,
49/2401,01118,30,6.00,,,
49/2401,01122,48,8.00,,,
49/2401,01137,24,27.00,,,
49/2401,02118,24,69.00,,,
49/2428,01030,12,55.00,,,
49/2428,01176,4,170.00,,,
49/2445,01006,60,70.00,,,
49/2445,01118,70,6.00,,,
5/103,01057,20,2.50,,,
5/11,01010,17,100.00,,,
5/17,02001,480,4.00,,,
5/21,05015,6,46.00,,,
5/249,01027,12,25.00,,,
5/249,01039,1,35.00,,,
5/249,01042,6,350.00,,,
5/249,01071,36,59.00,,,
5/249,01084,50,5.00,,,
5/249,01091,36,12.00,,,
5/249,01135,36,25.00,,,
5/6,02009,12,4.17,,,
51/1305,01004,15,120.00,,,
51/1305,01033,60,6.00,,,
51/1305,01093,24,12.00,,,
51/1305,02001,600,9.34,,,
51/1305,02057,10,30.00,,,
51/1305,02059,10,30.00,,,
51/2523,01003,24,50.00,,,
51/2523,01058,1,55.00,,,
51/2523,01073,3,10.00,,,
51/2523,01087,12,23.00,,,
51/2523,01091,12,12.00,,,
51/2523,01093,12,12.00,,,
51/2523,05006,24,7.75,,,
51/2535,01114,24,170.00,,,
51/2535,03003,50,8.00,,,
51/2535,03006,50,12.00,,,
52/2572,01084,50,5.00,,,
53/2606,01006,60,75.00,,,
53/2606,01068,36,35.00,,,
53/2606,01082,2,6.00,,,
53/2606,01086,2,60.00,,,
53/2606,01118,100,6.00,,,
53/2606,06029,19,0.00,,,
53/2613,05011,2,250.00,,,
54/2688,01006,60,75.00,,,
55/2719,02025,5,980.00,,,
55/2724,01035,6,55.00,,,
55/2724,01047,2,190.00,,,
55/2724,01112,50,7.00,,,
55/2724,01133,36,35.00,,,
55/2725,02126,36,18.00,,,
55/2726,01030,24,36.00,,,
55/2726,01069,24,25.00,,,
55/2726,01080,0,0.00,,,
55/2730,01082,4,6.00,,,
55/2730,01086,2,60.00,,,
55/2741,01007,5,160.00,,,
55/2741/1,01007,5,160.00,,,
55/2746,01006,60,75.00,,,
55/2750,01007,4,180.00,,,
565/28250,A01014,80,130.00,,,
565/28250,A02008,120,23.00,,,
565/28250,A03001,80,25.00,,,
565/28250,A05040,18,28.00,,,
565/28250,A05074,120,8.00,,,
565/28250,A05076,50,10.00,,,
568/28362,A01003,12,130.00,,,
568/28362,A01051,2,200.00,,,
57/2808,02085,72,28.00,,,
57/2808,05006,48,7.75,,,
57/2808,05007,120,6.50,,,
57/2810,01004,12,110.00,,,
57/2810,01056,100,3.00,,,
57/2810,01071,60,59.00,,,
57/2810,01121,72,6.00,,,
57/2810,01122,72,7.92,,,
57/2810,01137,36,30.00,,,
57/2811,06029,100,55.00,,,
57/2819,01011,60,140.00,,,
57/2819,01051,30,35.00,,,
57/2819,01109,48,29.17,,,
570/28461,A01003,10,85.00,,,
571/28534,01121,5,350.00,,,
571/28536,01078,100,60.00,,,
571/28536,01190,30,30.00,,,
572/28589,A01002,12,110.00,,,
574/28666,A05052,0,0.00,,,
574/28668,A01014,60,130.00,,,
574/28668,A03025,12,45.00,,,
574/28668,A05076,200,10.00,,,
575/28724,A01048,500,5.00,,,
575/28724,A02005,36,85.00,,,
575/28724,A05022,12,45.00,,,
578/028877,06029,100,37.00,,,
578/28870,A01002,12,110.00,,,
578/28870,A01003,8,180.00,,,
578/28870,A01005,4,85.00,,,
578/28870,A01013,30,110.00,,,
578/28877,06033,0,0.00,,,
578/28896,A01002,18,110.00,,,
578/28896,A01003,1,280.00,,,
578/28896,A02009,60,13.00,,,
578/28896,A03001,60,25.00,,,
578/28896,A03002,60,50.00,,,
578/28896,A03010,60,30.00,,,
578/28896,A03017,45,18.00,,,
578/28896,A03018,15,25.00,,,
578/28896,A03019,60,28.00,,,
58/232,B00090,200,65.00,,,
58/2851,01057,24,2.25,,,
58/2851,01064,1,50.00,,,
58/2851,01068,12,40.00,,,
58/2851,01071,24,63.00,,,
58/2864,01037,6,96.00,,,
58/2864,01069,24,25.00,,,
58/2872,05007,60,9.00,,,
58/2872,05008,24,13.13,,,
58/2873,01011,60,140.00,,,
58/2873,01121,24,6.00,,,
58/2873,01133,12,35.00,,,
58/2898,01035,48,55.00,,,
58/2898,01121,48,5.84,,,
58/2899,02093,24,48.34,,,
58/2899,02094,24,21.67,,,
59/2902,01090,12,23.00,,,
59/2902,01178,6,132.00,,,
59/2925,01006,60,85.00,,,
59/2925,01011,60,140.00,,,
59/2925,02023,20,27.50,,,
59/2925,05010,12,32.00,,,
59/2938,01050,6,40.00,,,
59/2938,01137,12,25.00,,,
59/2938,01138,12,40.00,,,
59/2939,02112,36,2.50,,,
59/2941,01040,1,750.00,,,
59/2941,01043,1,65.00,,,
59/2941,01058,1,195.00,,,
590/29489,01036,2,65.00,,,
590/29489,A01063,60,30.00,,,
590/29489,A04027,6,75.00,,,
590/29489,A04028,6,75.00,,,
598/29854,06029,108,60.00,,,
6/257,01185,6,125.00,,,
6/258,01101,8,180.00,,,
6/258,01107,3,90.00,,,
6/258,01115,3,35.00,,,
6/260,01101,30,180.00,,,
6/261,01011,60,110.00,,,
6/261,01034,12,25.00,,,
6/261,01051,30,40.00,,,
6/261,01071,24,55.00,,,
6/261,01093,20,14.40,,,
6/261,01137,36,25.00,,,
6/261,05007,120,6.50,,,
6/297,01029,3,150.00,,,
6/297,01057,36,1.70,,,
60/2992,06027,100,60.00,,,
60/2994,01032,200,36.00,,,
60/2994,01078,100,30.00,,,
60/3000,01100,200,6.50,,,
601/30029,A02005,27,85.00,,,
601/30029,A05028,5,190.00,,,
6011/016,B00090,900,52.00,,,
6012/017,A01014,200,130.00,,,
601203321,02040,300,50.00,,,
602/30066,A01037,50,45.00,,,
602/30066,A03003,12,70.00,,,
602/30066,A03005,12,60.00,,,
602/30066,A03008,12,35.00,,,
602/30066,A04010,1,980.00,,,
602/30066,A05030,12,35.00,,,
602/30066,A05043,2,95.00,,,
602/30066,A05062,4,15.00,,,
6081536008,01043,18,43.00,,,
6081536008,01045,12,239.00,,,
6081536008,01057,100,1.30,,,
6081536008,01065,6,690.00,,,
6081536008,01068,36,16.58,,,
6081536008,01074,6,5.83,,,
6081536008,01083,50,2.19,,,
6081536008,01100,2500,5.59,,,
6081536008,02009,36,8.00,,,
6081536008,02075,24,82.01,,,
6081536008,02126,96,9.00,,,
6081536008,03009,40,90.00,,,
6081536008,03011,20,11.00,,,
6081536008,03014,36,39.00,,,
61/3038,01004,7,110.00,,,
61/3038,01006,20,70.00,,,
61/3038,01034,20,25.00,,,
61/3038,01049,12,35.00,,,
61/3038,01066,20,60.00,,,
61/3038,01067,20,80.00,,,
61/3038,01083,24,5.00,,,
61/3038,01137,36,25.00,,,
61/3038,01138,36,40.00,,,
61/3038,05008,12,45.00,,,
61/3038,05009,12,39.00,,,
61/3039,05005,48,9.75,,,
61/3039,05006,48,7.75,,,
61/3039,05007,120,5.25,,,
6101/002,A01013,450,110.00,,,
6101/003,A01007,20,250.00,,,
6131552136,01032,54,20.67,,,
6131552136,01033,300,1.75,,,
6131552136,01041,4,450.00,,,
6131552136,01100,3000,4.25,,,
6131552136,01184,12,59.00,,,
6131552136,02118,36,57.25,,,
62/3060,01033,100,6.80,,,
62/3060,01037,72,7.00,,,
62/3060,01038,72,6.00,,,
62/3060,01039,72,4.00,,,
62/3085,01014,4,180.00,,,
62/3085,01051,30,30.00,,,
62/3085,01068,12,35.00,,,
626/31293,A01013,50,110.00,,,
629/31405,A03001,60,25.00,,,
63/3110,01145,5,93.00,,,
63/3139,01006,60,70.00,,,
64/3177,01003,36,50.00,,,
64/3177,01004,18,110.00,,,
64/3177,01006,60,75.00,,,
64/3177,01011,60,120.00,,,
64/3177,01051,30,35.00,,,
64/3177,01068,36,35.00,,,
64/3177,01071,36,45.00,,,
64/3177,03004,40,8.00,,,
64/3177,03006,24,30.00,,,
65/4,06011,50,700.00,,,
656/32775,A02008,72,25.00,,,
656/32775,A03010,60,30.00,,,
656/32775,A05002,24,45.00,,,
656/32775,A05027,24,75.00,,,
656/32775,A05028,5,380.00,,,
66/3269,01006,60,75.00,,,
66/3269,01055,100,3.00,,,
66/3269,01058,6,60.00,,,
66/3269,01079,12,8.00,,,
66/3269,01103,12,70.00,,,
66/3269,01140,24,95.00,,,
66/3269/1,01027,24,25.00,,,
66/3269/1,03009,22,120.00,,,
66/3270,02126,36,3.00,,,
66/45,02001,240,5.00,,,
67/3339,01178,100,24.00,,,
67/3339/1,01030,24,6.00,,,
67/3339/1,02121,24,39.00,,,
67/3339/1,02126,24,3.00,,,
69/3413,01030,36,26.33,,,
69/3413,01064,100,5.00,,,
69/3413,05008,24,22.50,,,
69/3413,05009,24,22.50,,,
7/15,02001,600,3.60,,,
7/15/1,02123,12,68.00,,,
7/39,05007,5,30.00,,,
7/58,01001,0,0.00,,,
7/7,02055,90,65.00,,,
7/7,02077,30,130.00,,,
70/3496,01004,10,110.00,,,
70/86142,02051,120,50.00,,,
70/86142,02052,120,50.00,,,
700/34962,02031,2,"6,885.00",,,
71/3507,01006,60,75.00,,,
71/3510,01045,6,350.00,,,
71/3510,01068,36,35.00,,,
71/3510,01083,24,5.00,,,
71/3510,01093,24,12.00,,,
71/3510,03006,48,12.00,,,
71/3510,03007,48,35.00,,,
72/3589,01137,36,27.00,,,
72/3589,01138,36,40.00,,,
72/3589,01176,6,130.00,,,
72/4570,01086,6,60.00,,,
7292,01188,6,"2,322.50",,,
73/3628,01037,6,42.00,,,
73/3628,01038,6,60.00,,,
73/3628,01084,36,4.50,,,
73/3628,01090,36,22.00,,,
73/3628,01110,24,50.00,,,
73/3628,01119,72,11.00,,,
73/3628,01121,72,8.00,,,
73/3628,02085,50,30.00,,,
73/3646,05006,24,7.75,,,
73/3646,05007,60,5.25,,,
73/3649,01058,6,55.00,,,
73/3649,01114,6,190.00,,,
74/1,02069,40,15.75,,,
74/3664,01006,60,75.00,,,
76,01032,50000,0.08,,,
76/3761,01003,60,50.00,,,
76/3761,01030,12,60.00,,,
76/3761,01059,6,30.00,,,
76/3761,01087,12,20.00,,,
76/3761,01093,12,12.00,,,
76/3761,01105,24,40.00,,,
76/3761,01141,6,15.00,,,
76/3761,02126,72,3.00,,,
76/3796,02118,23,65.00,,,
76/3796/1,06029,100,44.00,,,
76/3797,01004,12,130.00,,,
76/3797,01006,60,75.00,,,
76/3797,01043,12,65.00,,,
76/3797,01133,3,35.00,,,
76/3797,03007,2,30.00,,,
77/2,02045,20,26.00,,,
77/2,02057,20,26.00,,,
77/2,02058,20,26.00,,,
77/2,02091,50,25.00,,,
77/2,02094,24,16.67,,,
77/2,05008,24,35.00,,,
7829/157,02051,120,45.00,,,
7829/157,02052,120,50.00,,,
79/3943,01112,72,7.00,,,
79/3943,01113,24,16.00,,,
7923/159,02025,12,940.00,,,
7958/160,02025,12,"1,005.80",,,
7958/160,02073,36,160.50,,,
8/16,02001,624,4.00,,,
8/16,02054,60,11.30,,,
8/352,02113,6,10.00,,,
8/353,01114,1,190.00,,,
8/353,01121,48,6.00,,,
8/353,01133,12,35.00,,,
8/365,01011,60,130.00,,,
8/365,01110,36,50.00,,,
8/365,05005,48,9.75,,,
8/365,05006,48,7.75,,,
8/365,05008,24,45.00,,,
8/369,07005,6,22.00,,,
8/381,01051,10,40.00,,,
8/381,03009,24,95.00,,,
8/4,02001,48,3.75,,,
8/4,02055,50,42.00,,,
8/4,02126,36,12.00,,,
8/45,05010,24,29.00,,,
8/7,01010,82,101.22,,,
8/71,02001,600,3.75,,,
81/4007,01011,5,130.00,,,
81/4007,01134,24,25.00,,,
81/4027,01004,6,110.00,,,
813,02071,6,150.00,,,
813,02077,6,130.00,,,
82/4075,01055,1000,4.00,,,
82/4076,05005,48,8.13,,,
82/4076,05010,24,130.00,,,
8278/166,02002,64,68.75,,,
8278/166,02054,240,13.00,,,
8278/166,02076,3,150.00,,,
8278/166,02077,36,130.00,,,
83/4110,01002,36,25.00,,,
83/4110,01006,60,75.00,,,
83/4110,01011,60,140.00,,,
83/4110,01051,30,35.00,,,
83/4110,01069,36,35.00,,,
83/4110,01074,6,9.00,,,
83/4110,01137,36,27.00,,,
83/4112,01006,6,75.00,,,
8355/168,02025,12,940.00,,,
8368,02007,80,23.75,,,
8368,02008,80,25.00,,,
85/4226,02057,6,28.00,,,
85/4226,02126,36,18.00,,,
85/4226,05008,60,45.00,,,
8558/172,02077,24,130.00,,,
8558/172,02092,100,38.00,,,
86/4225,01134,28,25.00,,,
86/4284,01001,40,37.50,,,
86/4284,01006,60,75.00,,,
86/4284,01063,18,45.00,,,
86/4284,05009,24,22.50,,,
8642/173,02051,120,45.00,,,
8642/173,02052,120,50.00,,,
8642/173,02055,60,65.00,,,
88/4357,06028,15,560.00,,,
88/4382,01093,12,12.00,,,
8844/177,02073,33,150.00,,,
8844/177,02092,100,38.00,,,
89/1,02039,500,80.00,,,
89/4404,01033,24,6.00,,,
89/4404,01145,5,95.00,,,
89/4427,01043,6,65.00,,,
89/4427,01121,48,6.00,,,
89/4427,01133,35,35.00,,,
89/4427,01143,6,35.00,,,
89/4427,01146,10,93.00,,,
89/4427,05015,6,50.00,,,
9/25,07003,6,10.00,,,
9/435,01146,1,"1,250.00",,,
9/440,02063,36,16.67,,,
9/440,02120,12,45.00,,,
9/440,05015,6,45.00,,,
9/441,01037,6,72.00,,,
9/441,01038,6,60.00,,,
9/441,01039,6,48.00,,,
9/441,01066,18,30.00,,,
9/441,01083,50,3.50,,,
9021/181,02044,120,32.50,,,
9021/181,02055,120,32.50,,,
9021/181,02071,4,130.00,,,
9021/181,02077,26,0.00,,,
91/4516,01118,100,6.00,,,
92/4555,01006,120,75.00,,,
92/4555,01011,60,140.00,,,
92/4555,03003,36,8.00,,,
92/4563,06005,10000,0.20,,,
92/4566,02007,40,11.00,,,
92/4566,02008,40,20.00,,,
92/4568,01004,10,110.00,,,
92/4568,01030,36,25.67,,,
92/4568,01071,12,55.00,,,
92/4569,01029,5,100.00,,,
92/4569/1,01068,36,35.00,,,
92/4569/1,01069,36,25.00,,,
92/4573,06030,50,80.00,,,
92/4580,01006,60,70.00,,,
92/4582,01118,100,6.00,,,
92/4582,01137,36,25.00,,,
93/4610,01087,12,23.00,,,
93/4610,01089,12,23.00,,,
93/4610,01090,12,23.00,,,
93/4610,01121,48,6.00,,,
93/4610,01122,48,8.00,,,
9369/188,02025,12,940.00,,,
9369/188,02051,120,45.00,,,
9369/188,02052,120,50.00,,,
9369/188,02077,24,130.00,,,
9369/188,02092,100,38.00,,,
94/46/79,01115,6,30.00,,,
94/46/79,01133,13,35.00,,,
94/46/79,03007,5,30.00,,,
95/4704,01001,40,37.50,,,
95/4704,01004,12,110.00,,,
95/4704,01006,60,75.00,,,
95/4704,01030,12,65.00,,,
95/4704,01048,12,35.00,,,
95/4704,01049,12,25.00,,,
95/4704,01091,24,12.00,,,
95/4704,01093,24,12.00,,,
95/4704,01134,36,25.00,,,
96/4764,01010,11,100.00,,,
96/4764,01011,20,140.00,,,
96/4796,01038,6,72.00,,,
96/4796,01039,6,48.00,,,
96/4796,01051,30,40.00,,,
96/4796,01121,24,6.00,,,
96/4796,02045,10,28.00,,,
961,02077,36,130.00,,,
97/4811,01006,120,75.00,,,
97/4811,01100,100,6.80,,,
97/4811,01145,5,93.00,,,
97/4827,01133,6,35.00,,,
97/4829,01182,50,8.00,,,
9770/196,02025,12,940.00,,,
9770/196,02051,120,45.00,,,
9770/196,02052,120,50.00,,,
9770/196,02054,240,13.54,,,
9770/196,02055,120,32.50,,,
9770/196,02077,36,130.00,,,
9770/196,02092,100,38.00,,,
98/4873,01051,30,35.00,,,
98/4873,01057,24,2.25,,,
98/4873,01101,24,160.00,,,
98/4873,02067,12,70.00,,,
98/4873,02081,24,30.00,,,
99/4926,01004,12,110.00,,,
99/4926,01006,60,75.00,,,
99/4926,01030,24,65.00,,,
99/4926,01083,50,6.00,,,
iv4607149,01145,1,640.00,,,
iv4607149,01179,1,"3,103.00",,,
iv60122714,02073,6,642.00,,,
iv60122714,02074,10,"1,819.00",,,
iv60122714,02075,10,"1,177.00",,,
iv60122714,02076,10,"1,498.00",,,
iv60122714,02077,6,"1,498.00",,,
IV9533,01188,2,"2,236.30",,,
งส.30/31,B00149,24,19.17,,,
บช.564/281,A01002,10,110.00,,,
บช.564/281,A01003,10,160.00,,,
บช.564/281,A01013,60,110.00,,,
บช.564/281,A01055,200,7.00,,,
บช.564/281,A01063,72,30.00,,,
บช.564/281,A05077,24,12.00,,,
บช.565/282,A05037,10,95.00,,,
บช.571/285,A04022,100,20.00,,,
สข.014/067,06011,20,"1,250.00",,,
สข.047/57,B00091,120,85.00,,,
สข.049/57,02009,3000,1.95,,,
สข.09/07,A01013,100,110.00,,,
สข.1/04,B00179,24,79.00,,,
สข.1/23,B00132,12,135.00,,,
สข.1/23,B00147,60,225.00,,,
สข.1/23,B00148,25,40.00,,,
สข.1/25,B00115,200,55.00,,,
สข.1/25,B00116,200,60.00,,,
สข.1/25,B00132,52,135.00,,,
สข.1/25,B00142,12,120.00,,,
สข.1/25,B00169,12,65.00,,,
สข.1/25,B00170,20,55.00,,,
สข.1/25,B00182,10,95.00,,,
สข.1/26,05007,120,7.00,,,
สข.1/26,B00004,576,4.50,,,
สข.1/27,B00116,90,90.00,,,
สข.1/28,05006,48,13.00,,,
สข.1/28,B00100,6,115.00,,,
สข.1/28,B00101,10,115.00,,,
สข.1/28,B00107,6,115.00,,,
สข.1/28,B00108,10,115.00,,,
สข.1/3,B00004,500,4.80,,,
สข.1/30,B00005,120,100.00,,,
สข.1/30,B00008,10,"1,500.00",,,
สข.1/32,05007,240,7.00,,,
สข.1/32,05008,48,23.00,,,
สข.1/32,B00037,100,22.00,,,
สข.1/32,B00147,60,225.00,,,
สข.1/32,B00180,36,18.00,,,
สข.1/36,B00002,10,"1,200.00",,,
สข.1/36,B00004,576,4.50,,,
สข.1/36,B00091,120,90.00,,,
สข.1/37,05008,48,23.00,,,
สข.1/37,B00005,120,100.00,,,
สข.1/37,B00047,24,96.00,,,
สข.1/37,B00115,200,55.00,,,
สข.1/37,B00116,200,60.00,,,
สข.1/37,B00140,240,7.00,,,
สข.1/37,B00180,60,16.00,,,
สข.1/4,B00005,6,"1,200.00",,,
สข.1/4,B00116,70,55.00,,,
สข.1/4,B00132,52,135.00,,,
สข.1/4,B00135,44,130.00,,,
สข.1/4,B00147,60,225.00,,,
สข.1/40,05007,120,7.00,,,
สข.1/40,05009,48,23.00,,,
สข.1/40,B00004,576,4.50,,,
สข.1/40,B00100,16,57.50,,,
สข.1/40,B00108,20,57.50,,,
สข.1/40,B00189,24,95.00,,,
สข.1/43,B00002,10,"1,200.00",,,
สข.1/43,B00004,576,4.50,,,
สข.1/43,B00037,100,22.00,,,
สข.1/43,B00095,10,115.00,,,
สข.1/43,B00142,24,60.00,,,
สข.1/43,B00183,12,120.00,,,
สข.1/46,05008,72,23.00,,,
สข.1/46,05009,48,23.00,,,
สข.1/46,05010,12,38.00,,,
สข.1/46,B00115,200,50.00,,,
สข.1/46,B00132,52,135.00,,,
สข.1/46,B00135,44,130.00,,,
สข.1/47,05007,120,7.00,,,
สข.1/47,B00091,90,90.00,,,
สข.1/47,B00147,65,225.00,,,
สข.1/5,B00116,200,55.00,,,
สข.1/7,B00107,10,115.00,,,
สข.13/614,B00007,96,98.44,,,
สข.57/743,B00090,300,65.00,,,
สข.58/522,B00090,200,65.00,,,
สข.66/06,B00002,10,"1,200.00",,,
สข.76/04,B00005,180,100.00,,,
สข.78/23,B00005,120,100.00,,,
สข.78/23,B00184,40,300.00,,,
